{
  "kind": "collectionType",
  "collectionName": "properties",
  "info": {
    "singularName": "property",
    "pluralName": "properties",
    "displayName": "Property"
  },
  "options": {
    "draftAndPublish": true
  },
  "pluginOptions": {
    "i18n": {
      "localized": true
    }
  },
  "attributes": {
    "hidden": {
      "type": "boolean",
      "pluginOptions": {
        "i18n": {
          "localized": false
        }
      },
      "default": false
    },
    "title": {
      "type": "string",
      "pluginOptions": {
        "i18n": {
          "localized": true
        }
      },
      "required": true
    },
    "description": {
      "type": "blocks",
      "pluginOptions": {
        "i18n": {
          "localized": true
        }
      },
      "required": true
    },
    "views": {
      "type": "string",
      "pluginOptions": {
        "i18n": {
          "localized": true
        }
      },
      "required": false
    },
    "access": {
      "type": "string",
      "pluginOptions": {
        "i18n": {
          "localized": false
        }
      },
      "required": false
    },
    "image": {
      "type": "media",
      "pluginOptions": {
        "i18n": {
          "localized": true
        }
      },
      "multiple": false,
      "required": true,
      "allowedTypes": [
        "images",
        "files"
      ]
    },
    "gallery": {
      "type": "media",
      "pluginOptions": {
        "i18n": {
          "localized": true
        }
      },
      "multiple": true,
      "allowedTypes": [
        "images",
        "files"
      ]
    },
    "price": {
      "type": "string",
      "pluginOptions": {
        "i18n": {
          "localized": false
        }
      }
    },
    "situation": {
      "type": "enumeration",
      "pluginOptions": {
        "i18n": {
          "localized": false
        }
      },
      "required": true,
      "enum": [
        "Compra",
        "Alquiler"
      ]
    },
    "propertyType": {
      "type": "enumeration",
      "pluginOptions": {
        "i18n": {
          "localized": true
        }
      },
      "enum": [
        "Apartamentos",
        "Áticos",
        "Áticos Dúplex",
        "Dúplex",
        "Estudios",
        "Pisos",
        "Triplex",
        "Chalets Independientes",
        "Locales Comerciales",
        "Oficinas",
        "Garajes",
        "Habitaciones"
      ]
    },
    "reference": {
      "type": "biginteger",
      "pluginOptions": {
        "i18n": {
          "localized": false
        }
      },
      "required": true,
      "unique": false,
      "min": "0000",
      "max": "9999"
    },
    "municipality": {
      "type": "string",
      "pluginOptions": {
        "i18n": {
          "localized": false
        }
      },
      "required": false
    },
    "postcode": {
      "type": "biginteger",
      "pluginOptions": {
        "i18n": {
          "localized": false
        }
      },
      "required": true
    },
    "slug": {
      "type": "uid",
      "targetField": "title",
      "required": true
    },
    "features": {
      "type": "component",
      "pluginOptions": {
        "i18n": {
          "localized": true
        }
      },
      "component": "shared.feature",
      "repeatable": false
    },
    "destacado": {
      "type": "boolean",
      "pluginOptions": {
        "i18n": {
          "localized": false
        }
      },
      "required": true,
      "default": false
    }
  }
}
